,No,Name,Min,FG,3PT,FT,OR-DR,Reb,Ast,TO,Blk,Stl,PF,Pts,Opponent,FGM,FGA,3PTM,3PTA,FTM,FTA,game_date
0,7,"Aarnisalo, Elina",27,6 - 10,1 - 2,0 - 0,0 - 3,3,0,4,1,0,1,13,South_Carolina,6,10,1,2,0,0,2024-11-24
1,51,"Betts, Lauren",37,5 - 8,0 - 0,1 - 4,6 - 8,14,1,4,3,4,0,11,South_Carolina,5,8,0,0,1,4,2024-11-24
2,1,"Rice, Kiki",29,5 - 11,0 - 2,1 - 1,1 - 0,1,1,3,1,1,1,11,South_Carolina,5,11,0,2,1,1,2024-11-24
3,32,"Dugalić, Angela",15,2 - 4,1 - 1,0 - 0,1 - 3,4,3,0,1,0,2,5,South_Carolina,2,4,1,1,0,0,2024-11-24
4,30,"Gardiner, Timea",24,1 - 6,1 - 5,0 - 0,0 - 3,3,1,1,2,0,0,3,South_Carolina,1,6,1,5,0,0,2024-11-24
5,3,"Jones, Londynn",18,5 - 7,5 - 5,0 - 0,0 - 2,2,1,0,2,0,3,15,South_Carolina,5,7,5,5,0,0,2024-11-24
6,11,"Jaquez, Gabriela",23,2 - 5,1 - 2,6 - 6,2 - 1,3,1,1,2,0,0,11,South_Carolina,2,5,1,2,6,6,2024-11-24
7,00,"Barker, Janiah",23,2 - 8,1 - 4,3 - 3,1 - 6,7,2,3,4,0,1,8,South_Carolina,2,8,1,4,3,3,2024-11-24
8,2,"Cain, Avary",2,0 - 0,0 - 0,0 - 0,0 - 0,0,0,0,0,0,0,0,South_Carolina,0,0,0,0,0,0,2024-11-24
9,22,"Dudley, Kendall",2,0 - 0,0 - 0,0 - 0,0 - 0,0,0,0,0,0,0,0,South_Carolina,0,0,0,0,0,0,2024-11-24
10,TM,Team,0,0 - 0,0 - 0,0 - 0,3 - 1,4,0,0,1,0,0,0,South_Carolina,0,0,0,0,0,0,2024-11-24
11,Totals,,200,28-59,10-21,11-14,14-27,41,10,16,17,5,8,77,South_Carolina,28,59,10,21,11,14,2024-11-24
12,51,"Betts, Lauren",23,9 - 16,0 - 0,2 - 4,7 - 5,12,0,1,4,1,0,20,Fresno_St.,9,16,0,0,2,4,2024-11-30
13,1,"Rice, Kiki",24,6 - 9,3 - 4,0 - 0,0 - 2,2,1,6,2,0,3,15,Fresno_St.,6,9,3,4,0,0,2024-11-30
14,32,"Dugalić, Angela",18,5 - 6,1 - 1,0 - 0,1 - 6,7,2,1,1,2,0,11,Fresno_St.,5,6,1,1,0,0,2024-11-30
15,3,"Jones, Londynn",21,2 - 9,1 - 7,0 - 0,0 - 3,3,1,1,2,0,1,5,Fresno_St.,2,9,1,7,0,0,2024-11-30
16,7,"Aarnisalo, Elina",21,1 - 2,0 - 0,2 - 2,0 - 3,3,2,7,1,0,0,4,Fresno_St.,1,2,0,0,2,2,2024-11-30
17,11,"Jaquez, Gabriela",23,7 - 9,1 - 2,0 - 0,1 - 1,2,1,2,0,0,1,15,Fresno_St.,7,9,1,2,0,0,2024-11-30
18,00,"Barker, Janiah",18,5 - 7,0 - 0,3 - 7,0 - 3,3,4,2,1,1,1,13,Fresno_St.,5,7,0,0,3,7,2024-11-30
19,22,"Dudley, Kendall",20,4 - 6,0 - 0,1 - 3,1 - 3,4,1,1,0,1,2,9,Fresno_St.,4,6,0,0,1,3,2024-11-30
20,2,"Cain, Avary",18,1 - 5,1 - 5,0 - 0,0 - 2,2,0,1,0,0,0,3,Fresno_St.,1,5,1,5,0,0,2024-11-30
21,30,"Gardiner, Timea",14,1 - 4,0 - 2,0 - 0,0 - 3,3,3,6,1,0,2,2,Fresno_St.,1,4,0,2,0,0,2024-11-30
22,TM,Team,0,0 - 0,0 - 0,0 - 0,5 - 4,9,0,0,0,0,0,0,Fresno_St.,0,0,0,0,0,0,2024-11-30
23,Totals,,200,41-73,7-21,8-16,15-35,50,15,28,12,5,10,97,Fresno_St.,41,73,7,21,8,16,2024-11-30
24,00,"Barker, Janiah",30,8 - 12,0 - 0,2 - 3,4 - 8,12,2,3,1,1,2,18,Michigan_St.,8,12,0,0,2,3,2025-02-16
25,1,"Rice, Kiki",37,4 - 10,0 - 2,8 - 8,0 - 4,4,1,7,3,1,4,16,Michigan_St.,4,10,0,2,8,8,2025-02-16
26,32,"Dugalić, Angela",21,2 - 6,2 - 3,2 - 2,0 - 2,2,2,1,3,0,0,8,Michigan_St.,2,6,2,3,2,2,2025-02-16
27,11,"Jaquez, Gabriela",29,3 - 7,1 - 2,0 - 0,4 - 0,4,1,2,2,0,1,7,Michigan_St.,3,7,1,2,0,0,2025-02-16
28,3,"Jones, Londynn",29,2 - 9,1 - 6,0 - 0,0 - 0,0,1,2,1,0,1,5,Michigan_St.,2,9,1,6,0,0,2025-02-16
29,30,"Gardiner, Timea",27,6 - 11,4 - 7,2 - 2,1 - 3,4,2,1,0,1,0,18,Michigan_St.,6,11,4,7,2,2,2025-02-16
30,7,"Aarnisalo, Elina",13,1 - 2,0 - 0,1 - 2,0 - 0,0,0,3,2,0,0,3,Michigan_St.,1,2,0,0,1,2,2025-02-16
31,22,"Dudley, Kendall",14,0 - 0,0 - 0,0 - 0,2 - 1,3,2,0,1,1,0,0,Michigan_St.,0,0,0,0,0,0,2025-02-16
32,TM,Team,0,0 - 0,0 - 0,0 - 0,2 - 1,3,0,0,0,0,0,0,Michigan_St.,0,0,0,0,0,0,2025-02-16
33,Totals,,200,26-57,8-20,15-17,13-19,32,11,19,13,4,8,75,Michigan_St.,26,57,8,20,15,17,2025-02-16
34,1,"Rice, Kiki",30,6 - 8,0 - 1,4 - 4,0 - 4,4,1,10,3,0,3,16,Michigan,6,8,0,1,4,4,2025-01-01
35,51,"Betts, Lauren",35,6 - 15,0 - 0,1 - 2,3 - 7,10,1,5,1,4,2,13,Michigan,6,15,0,0,1,2,2025-01-01
36,11,"Jaquez, Gabriela",27,6 - 7,0 - 1,0 - 0,1 - 1,2,2,3,0,1,1,12,Michigan,6,7,0,1,0,0,2025-01-01
37,32,"Dugalić, Angela",24,5 - 12,1 - 4,1 - 2,2 - 4,6,2,3,0,0,0,12,Michigan,5,12,1,4,1,2,2025-01-01
38,7,"Aarnisalo, Elina",17,2 - 2,1 - 1,1 - 2,0 - 1,1,1,3,4,0,1,6,Michigan,2,2,1,1,1,2,2025-01-01
39,3,"Jones, Londynn",25,4 - 6,4 - 6,1 - 2,0 - 1,1,2,0,1,0,0,13,Michigan,4,6,4,6,1,2,2025-01-01
40,00,"Barker, Janiah",16,2 - 5,0 - 1,1 - 1,0 - 2,2,3,2,4,0,1,5,Michigan,2,5,0,1,1,1,2025-01-01
41,30,"Gardiner, Timea",15,2 - 6,1 - 4,0 - 0,2 - 1,3,2,2,1,0,0,5,Michigan,2,6,1,4,0,0,2025-01-01
42,22,"Dudley, Kendall",9,2 - 2,0 - 0,0 - 0,0 - 1,1,1,1,0,0,1,4,Michigan,2,2,0,0,0,0,2025-01-01
43,2,"Cain, Avary",1,0 - 0,0 - 0,0 - 0,0 - 0,0,0,0,0,0,0,0,Michigan,0,0,0,0,0,0,2025-01-01
44,6,"Socka-nguemen, Zania",1,0 - 0,0 - 0,0 - 0,0 - 1,1,0,0,1,0,0,0,Michigan,0,0,0,0,0,0,2025-01-01
45,TM,Team,0,0 - 0,0 - 0,0 - 0,2 - 4,6,0,0,0,0,0,0,Michigan,0,0,0,0,0,0,2025-01-01
46,Totals,,200,35-63,7-18,9-13,10-27,37,15,29,15,5,9,86,Michigan,35,63,7,18,9,13,2025-01-01
47,51,"Betts, Lauren",35,9 - 18,0 - 0,4 - 7,5 - 2,7,2,3,4,6,0,22,Illinois,9,18,0,0,4,7,2025-02-20
48,1,"Rice, Kiki",33,5 - 8,1 - 1,5 - 5,1 - 4,5,2,4,3,2,0,16,Illinois,5,8,1,1,5,5,2025-02-20
49,32,"Dugalić, Angela",25,3 - 8,1 - 4,3 - 6,0 - 8,8,1,4,0,1,2,10,Illinois,3,8,1,4,3,6,2025-02-20
50,3,"Jones, Londynn",22,3 - 4,1 - 2,2 - 2,0 - 0,0,4,1,0,0,2,9,Illinois,3,4,1,2,2,2,2025-02-20
51,11,"Jaquez, Gabriela",33,3 - 7,0 - 2,1 - 2,2 - 1,3,2,4,1,0,3,7,Illinois,3,7,0,2,1,2,2025-02-20
52,22,"Dudley, Kendall",18,2 - 3,0 - 0,0 - 0,2 - 2,4,3,2,1,0,1,4,Illinois,2,3,0,0,0,0,2025-02-20
53,30,"Gardiner, Timea",17,1 - 5,0 - 3,0 - 0,0 - 1,1,1,2,1,0,2,2,Illinois,1,5,0,3,0,0,2025-02-20
54,7,"Aarnisalo, Elina",16,0 - 2,0 - 0,0 - 0,0 - 2,2,1,1,1,1,0,0,Illinois,0,2,0,0,0,0,2025-02-20
55,00,"Barker, Janiah",1,0 - 0,0 - 0,0 - 0,0 - 2,2,0,0,0,0,0,0,Illinois,0,0,0,0,0,0,2025-02-20
56,TM,Team,0,0 - 0,0 - 0,0 - 0,3 - 3,6,0,0,0,0,0,0,Illinois,0,0,0,0,0,0,2025-02-20
57,Totals,,200,26-55,3-12,15-22,13-25,38,16,21,11,10,10,70,Illinois,26,55,3,12,15,22,2025-02-20
58,51,"Betts, Lauren",25,6 - 9,0 - 0,2 - 3,1 - 5,6,1,4,1,3,1,14,Southern_U.,6,9,0,0,2,3,2025-03-21
59,3,"Jones, Londynn",26,5 - 11,1 - 4,0 - 0,0 - 1,1,2,1,3,0,1,11,Southern_U.,5,11,1,4,0,0,2025-03-21
60,11,"Jaquez, Gabriela",25,3 - 3,2 - 2,2 - 4,1 - 4,5,2,3,1,0,0,10,Southern_U.,3,3,2,2,2,4,2025-03-21
61,1,"Rice, Kiki",25,2 - 6,2 - 4,4 - 4,0 - 3,3,1,7,0,0,1,10,Southern_U.,2,6,2,4,4,4,2025-03-21
62,32,"Dugalić, Angela",21,2 - 4,0 - 2,5 - 6,2 - 6,8,2,2,0,1,1,9,Southern_U.,2,4,0,2,5,6,2025-03-21
63,7,"Aarnisalo, Elina",24,3 - 4,1 - 1,3 - 3,0 - 2,2,0,0,2,0,1,10,Southern_U.,3,4,1,1,3,3,2025-03-21
64,00,"Barker, Janiah",17,2 - 4,0 - 1,6 - 8,4 - 6,10,2,4,4,2,0,10,Southern_U.,2,4,0,1,6,8,2025-03-21
65,30,"Gardiner, Timea",16,3 - 6,3 - 6,0 - 0,0 - 5,5,1,0,4,1,2,9,Southern_U.,3,6,3,6,0,0,2025-03-21
66,6,"Socka-nguemen, Zania",4,0 - 0,0 - 0,1 - 2,1 - 0,1,1,1,0,0,0,1,Southern_U.,0,0,0,0,1,2,2025-03-21
67,22,"Dudley, Kendall",17,0 - 0,0 - 0,0 - 0,0 - 0,0,2,1,1,0,0,0,Southern_U.,0,0,0,0,0,0,2025-03-21
68,TM,Team,0,0 - 0,0 - 0,0 - 0,0 - 3,3,0,0,1,0,0,0,Southern_U.,0,0,0,0,0,0,2025-03-21
69,Totals,,200,26-47,9-20,23-30,9-35,44,14,23,17,7,7,84,Southern_U.,26,47,9,20,23,30,2025-03-21
70,51,"Betts, Lauren",30,15 - 18,0 - 0,1 - 5,3 - 6,9,0,2,2,3,1,31,Colgate,15,18,0,0,1,5,2024-11-10
71,7,"Aarnisalo, Elina",32,8 - 10,2 - 4,1 - 1,0 - 5,5,4,6,6,0,2,19,Colgate,8,10,2,4,1,1,2024-11-10
72,3,"Jones, Londynn",34,4 - 10,2 - 5,2 - 2,0 - 0,0,3,7,4,1,4,12,Colgate,4,10,2,5,2,2,2024-11-10
73,30,"Gardiner, Timea",26,4 - 6,2 - 3,0 - 0,0 - 4,4,1,1,0,0,0,10,Colgate,4,6,2,3,0,0,2024-11-10
74,22,"Dudley, Kendall",22,0 - 3,0 - 0,0 - 2,3 - 1,4,5,3,0,0,0,0,Colgate,0,3,0,0,0,2,2024-11-10
75,2,"Cain, Avary",21,2 - 6,1 - 3,0 - 0,0 - 1,1,3,4,1,0,0,5,Colgate,2,6,1,3,0,0,2024-11-10
76,00,"Barker, Janiah",25,1 - 4,0 - 2,0 - 0,0 - 9,9,4,0,3,0,2,2,Colgate,1,4,0,2,0,0,2024-11-10
77,6,"Socka-nguemen, Zania",10,0 - 2,0 - 0,2 - 2,1 - 1,2,2,0,1,0,0,2,Colgate,0,2,0,0,2,2,2024-11-10
78,TM,Team,0,0 - 0,0 - 0,0 - 0,0 - 3,3,0,0,0,0,0,0,Colgate,0,0,0,0,0,0,2024-11-10
79,Totals,,200,34-59,7-17,6-12,7-30,37,22,23,17,4,9,81,Colgate,34,59,7,17,6,12,2024-11-10
80,51,"Betts, Lauren",35,11 - 18,0 - 0,4 - 4,2 - 3,5,0,1,1,1,2,26,UConn,11,18,0,0,4,4,2025-04-04
81,1,"Rice, Kiki",37,2 - 7,1 - 2,3 - 4,0 - 3,3,5,3,2,0,0,8,UConn,2,7,1,2,3,4,2025-04-04
82,32,"Dugalić, Angela",19,3 - 8,0 - 3,0 - 0,0 - 1,1,1,3,1,1,1,6,UConn,3,8,0,3,0,0,2025-04-04
83,11,"Jaquez, Gabriela",34,0 - 6,0 - 3,0 - 0,2 - 6,8,2,2,2,0,1,0,UConn,0,6,0,3,0,0,2025-04-04
84,3,"Jones, Londynn",15,0 - 1,0 - 1,0 - 0,0 - 0,0,2,0,3,0,0,0,UConn,0,1,0,1,0,0,2025-04-04
85,7,"Aarnisalo, Elina",18,2 - 4,1 - 2,0 - 0,0 - 1,1,1,0,2,0,0,5,UConn,2,4,1,2,0,0,2025-04-04
86,00,"Barker, Janiah",18,1 - 2,1 - 1,0 - 0,1 - 4,5,0,1,3,0,0,3,UConn,1,2,1,1,0,0,2025-04-04
87,30,"Gardiner, Timea",13,1 - 5,1 - 4,0 - 0,0 - 2,2,0,0,3,0,1,3,UConn,1,5,1,4,0,0,2025-04-04
88,22,"Dudley, Kendall",9,0 - 0,0 - 0,0 - 0,1 - 0,1,1,1,1,0,0,0,UConn,0,0,0,0,0,0,2025-04-04
89,6,"Socka-nguemen, Zania",2,0 - 1,0 - 0,0 - 0,0 - 0,0,0,0,0,0,0,0,UConn,0,1,0,0,0,0,2025-04-04
90,TM,Team,0,0 - 0,0 - 0,0 - 0,2 - 1,3,0,0,1,0,0,0,UConn,0,0,0,0,0,0,2025-04-04
91,Totals,,200,20-52,4-16,7-8,8-21,29,12,11,19,2,5,51,UConn,20,52,4,16,7,8,2025-04-04
92,11,"Jaquez, Gabriela",38,5 - 7,4 - 5,4 - 4,1 - 7,8,2,0,0,0,3,18,LSU,5,7,4,5,4,4,2025-03-30
93,51,"Betts, Lauren",25,7 - 14,0 - 0,3 - 6,4 - 3,7,2,1,5,6,1,17,LSU,7,14,0,0,3,6,2025-03-30
94,1,"Rice, Kiki",37,1 - 7,0 - 3,6 - 6,0 - 3,3,4,8,3,0,0,8,LSU,1,7,0,3,6,6,2025-03-30
95,3,"Jones, Londynn",27,2 - 8,1 - 5,0 - 0,0 - 3,3,2,0,1,0,1,5,LSU,2,8,1,5,0,0,2025-03-30
96,32,"Dugalić, Angela",24,0 - 2,0 - 1,2 - 2,0 - 2,2,1,3,2,0,2,2,LSU,0,2,0,1,2,2,2025-03-30
97,30,"Gardiner, Timea",21,5 - 11,5 - 8,0 - 0,0 - 3,3,0,2,0,0,1,15,LSU,5,11,5,8,0,0,2025-03-30
98,00,"Barker, Janiah",10,1 - 3,0 - 0,4 - 8,0 - 2,2,1,0,1,0,1,6,LSU,1,3,0,0,4,8,2025-03-30
99,7,"Aarnisalo, Elina",16,0 - 2,0 - 2,1 - 2,0 - 1,1,2,1,1,0,0,1,LSU,0,2,0,2,1,2,2025-03-30
100,22,"Dudley, Kendall",2,0 - 1,0 - 0,0 - 0,0 - 0,0,1,0,1,0,0,0,LSU,0,1,0,0,0,0,2025-03-30
101,TM,Team,0,0 - 0,0 - 0,0 - 0,5 - 4,9,0,0,1,0,0,0,LSU,0,0,0,0,0,0,2025-03-30
102,Totals,,200,21-55,10-24,20-28,10-28,38,15,15,15,6,9,72,LSU,21,55,10,24,20,28,2025-03-30
103,51,"Betts, Lauren",32,14 - 17,0 - 0,2 - 5,9 - 5,14,1,4,2,2,1,30,Richmond,14,17,0,0,2,5,2025-03-23
104,1,"Rice, Kiki",31,7 - 12,4 - 6,5 - 5,2 - 1,3,2,7,1,0,0,23,Richmond,7,12,4,6,5,5,2025-03-23
105,3,"Jones, Londynn",29,2 - 8,2 - 6,0 - 0,0 - 0,0,1,1,1,0,0,6,Richmond,2,8,2,6,0,0,2025-03-23
106,11,"Jaquez, Gabriela",28,1 - 10,1 - 4,2 - 2,1 - 1,2,3,3,0,0,1,5,Richmond,1,10,1,4,2,2,2025-03-23
107,32,"Dugalić, Angela",12,2 - 5,1 - 3,0 - 0,0 - 2,2,0,1,0,0,0,5,Richmond,2,5,1,3,0,0,2025-03-23
108,30,"Gardiner, Timea",19,4 - 7,3 - 6,0 - 0,1 - 0,1,1,1,0,2,0,11,Richmond,4,7,3,6,0,0,2025-03-23
109,00,"Barker, Janiah",16,2 - 7,0 - 0,0 - 0,2 - 6,8,1,4,0,0,0,4,Richmond,2,7,0,0,0,0,2025-03-23
110,7,"Aarnisalo, Elina",21,0 - 3,0 - 2,0 - 0,0 - 1,1,0,1,1,1,0,0,Richmond,0,3,0,2,0,0,2025-03-23
111,22,"Dudley, Kendall",12,0 - 1,0 - 0,0 - 2,2 - 3,5,3,3,0,0,0,0,Richmond,0,1,0,0,0,2,2025-03-23
112,6,"Socka-nguemen, Zania",0,0 - 0,0 - 0,0 - 0,0 - 0,0,0,0,0,0,0,0,Richmond,0,0,0,0,0,0,2025-03-23
113,TM,Team,0,0 - 0,0 - 0,0 - 0,4 - 0,4,0,0,0,0,0,0,Richmond,0,0,0,0,0,0,2025-03-23
114,Totals,,200,32-70,11-27,9-14,21-19,40,12,25,5,5,2,84,Richmond,32,70,11,27,9,14,2025-03-23
115,32,"Dugalić, Angela",31,5 - 8,2 - 3,0 - 0,2 - 6,8,2,3,2,1,3,12,Cal_Poly,5,8,2,3,0,0,2024-12-16
116,3,"Jones, Londynn",28,4 - 9,2 - 5,2 - 2,1 - 1,2,1,0,3,0,2,12,Cal_Poly,4,9,2,5,2,2,2024-12-16
117,00,"Barker, Janiah",27,5 - 12,0 - 2,2 - 2,4 - 9,13,0,2,3,3,3,12,Cal_Poly,5,12,0,2,2,2,2024-12-16
118,1,"Rice, Kiki",20,3 - 6,0 - 2,3 - 3,0 - 3,3,4,5,4,0,1,9,Cal_Poly,3,6,0,2,3,3,2024-12-16
119,11,"Jaquez, Gabriela",21,2 - 6,0 - 1,0 - 0,1 - 4,5,2,2,1,1,0,4,Cal_Poly,2,6,0,1,0,0,2024-12-16
120,30,"Gardiner, Timea",16,4 - 10,1 - 5,2 - 2,2 - 4,6,1,0,0,1,0,11,Cal_Poly,4,10,1,5,2,2,2024-12-16
121,7,"Aarnisalo, Elina",21,2 - 3,1 - 2,0 - 0,1 - 2,3,1,4,2,0,0,5,Cal_Poly,2,3,1,2,0,0,2024-12-16
122,22,"Dudley, Kendall",21,2 - 3,0 - 1,0 - 0,0 - 3,3,1,1,1,1,0,4,Cal_Poly,2,3,0,1,0,0,2024-12-16
123,2,"Cain, Avary",15,0 - 4,0 - 4,0 - 0,1 - 0,1,0,1,1,1,0,0,Cal_Poly,0,4,0,4,0,0,2024-12-16
124,TM,Team,0,0 - 0,0 - 0,0 - 0,1 - 0,1,0,0,0,0,0,0,Cal_Poly,0,0,0,0,0,0,2024-12-16
125,Totals,,200,27-61,6-25,9-9,13-32,45,12,18,17,8,9,69,Cal_Poly,27,61,6,25,9,9,2024-12-16
126,30,"Gardiner, Timea",21,7 - 12,7 - 12,2 - 2,0 - 3,3,1,0,0,0,0,23,Arkansas,7,12,7,12,2,2,2024-11-17
127,51,"Betts, Lauren",26,8 - 15,0 - 0,4 - 6,6 - 6,12,2,2,1,1,0,20,Arkansas,8,15,0,0,4,6,2024-11-17
128,32,"Dugalić, Angela",26,7 - 10,1 - 2,3 - 3,4 - 11,15,3,2,2,1,4,18,Arkansas,7,10,1,2,3,3,2024-11-17
129,7,"Aarnisalo, Elina",26,3 - 11,1 - 6,0 - 0,1 - 4,5,3,11,1,0,1,7,Arkansas,3,11,1,6,0,0,2024-11-17
130,11,"Jaquez, Gabriela",25,2 - 7,0 - 3,2 - 2,1 - 1,2,2,3,0,0,0,6,Arkansas,2,7,0,3,2,2,2024-11-17
131,00,"Barker, Janiah",23,6 - 9,1 - 4,4 - 5,7 - 5,12,2,0,3,1,3,17,Arkansas,6,9,1,4,4,5,2024-11-17
132,22,"Dudley, Kendall",19,3 - 6,0 - 0,1 - 2,5 - 4,9,3,2,1,1,0,7,Arkansas,3,6,0,0,1,2,2024-11-17
133,3,"Jones, Londynn",23,1 - 10,0 - 6,1 - 2,2 - 0,2,1,1,0,1,0,3,Arkansas,1,10,0,6,1,2,2024-11-17
134,1,"Rice, Kiki",11,0 - 4,0 - 1,0 - 0,0 - 2,2,0,1,2,0,0,0,Arkansas,0,4,0,1,0,0,2024-11-17
135,TM,Team,0,0 - 0,0 - 0,0 - 0,3 - 0,3,0,0,1,0,0,0,Arkansas,0,0,0,0,0,0,2024-11-17
136,Totals,,200,37-84,10-34,17-22,29-36,65,17,22,11,5,8,101,Arkansas,37,84,10,34,17,22,2024-11-17
137,51,"Betts, Lauren",34,8 - 13,0 - 0,3 - 5,3 - 11,14,1,1,3,3,1,19,Ohio_State1,8,13,0,0,3,5,2025-02-05
138,11,"Jaquez, Gabriela",35,7 - 11,1 - 3,2 - 2,3 - 3,6,0,1,2,0,2,17,Ohio_State1,7,11,1,3,2,2,2025-02-05
139,1,"Rice, Kiki",32,5 - 10,0 - 0,2 - 2,0 - 3,3,0,4,6,0,2,12,Ohio_State1,5,10,0,0,2,2,2025-02-05
140,32,"Dugalić, Angela",18,1 - 6,1 - 4,0 - 0,1 - 9,10,2,3,4,2,0,3,Ohio_State1,1,6,1,4,0,0,2025-02-05
141,3,"Jones, Londynn",15,1 - 5,1 - 4,0 - 0,0 - 1,1,4,0,2,0,0,3,Ohio_State1,1,5,1,4,0,0,2025-02-05
142,00,"Barker, Janiah",19,3 - 3,0 - 0,0 - 0,3 - 6,9,3,1,1,0,0,6,Ohio_State1,3,3,0,0,0,0,2025-02-05
143,30,"Gardiner, Timea",15,1 - 4,1 - 4,0 - 0,0 - 2,2,1,4,2,0,0,3,Ohio_State1,1,4,1,4,0,0,2025-02-05
144,7,"Aarnisalo, Elina",28,0 - 4,0 - 1,2 - 2,0 - 2,2,2,5,1,0,1,2,Ohio_State1,0,4,0,1,2,2,2025-02-05
145,22,"Dudley, Kendall",4,0 - 1,0 - 0,0 - 0,0 - 0,0,1,0,1,0,1,0,Ohio_State1,0,1,0,0,0,0,2025-02-05
146,TM,Team,0,0 - 0,0 - 0,0 - 0,0 - 2,2,0,0,1,0,0,0,Ohio_State1,0,0,0,0,0,0,2025-02-05
147,Totals,,200,26-57,4-16,9-11,10-39,49,14,19,23,5,7,65,Ohio_State1,26,57,4,16,9,11,2025-02-05
148,3,"Jones, Londynn",31,8 - 16,6 - 12,0 - 0,0 - 1,1,3,1,2,0,0,22,Ohio_State2,8,16,6,12,0,0,2025-03-09
149,51,"Betts, Lauren",23,6 - 7,0 - 0,0 - 0,2 - 4,6,1,3,1,1,0,12,Ohio_State2,6,7,0,0,0,0,2025-03-09
150,11,"Jaquez, Gabriela",18,5 - 5,2 - 2,0 - 0,1 - 4,5,1,0,1,0,0,12,Ohio_State2,5,5,2,2,0,0,2025-03-09
151,32,"Dugalić, Angela",25,4 - 8,2 - 4,0 - 0,1 - 8,9,1,4,2,2,2,10,Ohio_State2,4,8,2,4,0,0,2025-03-09
152,1,"Rice, Kiki",19,4 - 6,0 - 1,0 - 0,0 - 2,2,0,6,1,0,3,8,Ohio_State2,4,6,0,1,0,0,2025-03-09
153,00,"Barker, Janiah",14,2 - 5,0 - 0,0 - 0,0 - 3,3,1,2,1,1,0,4,Ohio_State2,2,5,0,0,0,0,2025-03-09
154,30,"Gardiner, Timea",13,1 - 2,1 - 2,0 - 0,0 - 1,1,1,1,1,0,0,3,Ohio_State2,1,2,1,2,0,0,2025-03-09
155,7,"Aarnisalo, Elina",25,1 - 7,0 - 1,0 - 0,1 - 6,7,2,6,4,0,1,2,Ohio_State2,1,7,0,1,0,0,2025-03-09
156,6,"Socka-nguemen, Zania",9,1 - 3,0 - 0,0 - 0,2 - 0,2,0,0,1,0,0,2,Ohio_State2,1,3,0,0,0,0,2025-03-09
157,22,"Dudley, Kendall",17,0 - 2,0 - 0,0 - 0,2 - 0,2,1,2,1,0,0,0,Ohio_State2,0,2,0,0,0,0,2025-03-09
158,2,"Cain, Avary",6,0 - 2,0 - 2,0 - 0,0 - 0,0,1,0,0,0,0,0,Ohio_State2,0,2,0,2,0,0,2025-03-09
159,TM,Team,0,0 - 0,0 - 0,0 - 0,1 - 4,5,0,0,1,0,0,0,Ohio_State2,0,0,0,0,0,0,2025-03-09
160,Totals,,200,32-63,11-24,0-0,10-33,43,12,25,16,4,6,75,Ohio_State2,32,63,11,24,0,0,2025-03-09
161,1,"Rice, Kiki",27,8 - 13,3 - 4,1 - 2,0 - 5,5,0,4,0,0,0,20,Creighton,8,13,3,4,1,2,2024-12-20
162,32,"Dugalić, Angela",28,4 - 9,1 - 3,4 - 4,1 - 13,14,3,3,1,2,2,13,Creighton,4,9,1,3,4,4,2024-12-20
163,11,"Jaquez, Gabriela",24,3 - 6,0 - 0,3 - 3,4 - 1,5,1,1,1,0,0,9,Creighton,3,6,0,0,3,3,2024-12-20
164,7,"Aarnisalo, Elina",26,3 - 9,0 - 2,0 - 0,0 - 3,3,0,2,1,0,1,6,Creighton,3,9,0,2,0,0,2024-12-20
165,00,"Barker, Janiah",17,2 - 8,0 - 0,0 - 0,7 - 4,11,4,2,8,1,0,4,Creighton,2,8,0,0,0,0,2024-12-20
166,30,"Gardiner, Timea",24,2 - 7,2 - 5,1 - 2,0 - 6,6,1,2,2,1,0,7,Creighton,2,7,2,5,1,2,2024-12-20
167,22,"Dudley, Kendall",16,3 - 4,0 - 1,0 - 0,3 - 1,4,1,0,0,0,0,6,Creighton,3,4,0,1,0,0,2024-12-20
168,3,"Jones, Londynn",24,2 - 7,1 - 4,0 - 0,0 - 0,0,2,0,1,0,0,5,Creighton,2,7,1,4,0,0,2024-12-20
169,6,"Socka-nguemen, Zania",8,0 - 1,0 - 0,0 - 0,1 - 2,3,0,0,1,0,0,0,Creighton,0,1,0,0,0,0,2024-12-20
170,2,"Cain, Avary",6,0 - 2,0 - 2,0 - 0,0 - 1,1,1,0,1,0,1,0,Creighton,0,2,0,2,0,0,2024-12-20
171,TM,Team,0,0 - 0,0 - 0,0 - 0,4 - 3,7,0,0,0,0,0,0,Creighton,0,0,0,0,0,0,2024-12-20
172,Totals,,200,27-66,7-21,9-11,20-39,59,13,14,16,4,4,70,Creighton,27,66,7,21,9,11,2024-12-20
173,51,"Betts, Lauren",33,10 - 16,0 - 0,2 - 5,8 - 4,12,0,4,2,7,1,22,Penn_St.,10,16,0,0,2,5,2025-01-15
174,32,"Dugalić, Angela",27,5 - 11,0 - 3,1 - 2,1 - 7,8,0,4,1,0,1,11,Penn_St.,5,11,0,3,1,2,2025-01-15
175,1,"Rice, Kiki",31,5 - 9,0 - 3,0 - 0,1 - 4,5,2,5,1,1,3,10,Penn_St.,5,9,0,3,0,0,2025-01-15
176,11,"Jaquez, Gabriela",26,4 - 6,2 - 3,0 - 0,3 - 4,7,4,3,1,0,1,10,Penn_St.,4,6,2,3,0,0,2025-01-15
177,3,"Jones, Londynn",22,3 - 12,3 - 9,0 - 0,0 - 1,1,0,3,1,0,0,9,Penn_St.,3,12,3,9,0,0,2025-01-15
178,30,"Gardiner, Timea",19,3 - 7,2 - 5,0 - 0,2 - 1,3,2,1,0,0,0,8,Penn_St.,3,7,2,5,0,0,2025-01-15
179,7,"Aarnisalo, Elina",25,2 - 4,0 - 2,2 - 2,0 - 1,1,1,6,1,0,1,6,Penn_St.,2,4,0,2,2,2,2025-01-15
180,00,"Barker, Janiah",8,3 - 9,0 - 0,0 - 1,1 - 3,4,2,0,1,0,1,6,Penn_St.,3,9,0,0,0,1,2025-01-15
181,22,"Dudley, Kendall",9,0 - 0,0 - 0,1 - 2,0 - 0,0,3,1,0,0,1,1,Penn_St.,0,0,0,0,1,2,2025-01-15
182,TM,Team,0,0 - 0,0 - 0,0 - 0,0 - 0,0,0,0,0,0,0,0,Penn_St.,0,0,0,0,0,0,2025-01-15
183,Totals,,200,35-74,7-25,6-12,16-25,41,14,27,8,8,9,83,Penn_St.,35,74,7,25,6,12,2025-01-15
184,51,"Betts, Lauren",30,15 - 16,0 - 0,1 - 2,2 - 8,10,3,2,4,3,0,31,Ole_Miss,15,16,0,0,1,2,2025-03-28
185,1,"Rice, Kiki",28,3 - 7,1 - 1,6 - 6,0 - 3,3,2,7,3,0,1,13,Ole_Miss,3,7,1,1,6,6,2025-03-28
186,3,"Jones, Londynn",30,3 - 8,2 - 5,1 - 2,0 - 1,1,5,1,3,0,1,9,Ole_Miss,3,8,2,5,1,2,2025-03-28
187,11,"Jaquez, Gabriela",34,3 - 6,0 - 1,0 - 0,1 - 4,5,2,3,1,0,0,6,Ole_Miss,3,6,0,1,0,0,2025-03-28
188,32,"Dugalić, Angela",24,2 - 4,1 - 2,0 - 0,0 - 6,6,0,0,1,1,0,5,Ole_Miss,2,4,1,2,0,0,2025-03-28
189,00,"Barker, Janiah",15,2 - 4,0 - 0,4 - 6,1 - 5,6,2,1,2,2,1,8,Ole_Miss,2,4,0,0,4,6,2025-03-28
190,7,"Aarnisalo, Elina",19,2 - 4,0 - 0,0 - 0,0 - 1,1,1,1,1,0,0,4,Ole_Miss,2,4,0,0,0,0,2025-03-28
191,30,"Gardiner, Timea",13,0 - 0,0 - 0,0 - 0,0 - 0,0,2,0,2,0,0,0,Ole_Miss,0,0,0,0,0,0,2025-03-28
192,22,"Dudley, Kendall",7,0 - 1,0 - 0,0 - 0,0 - 0,0,1,0,1,0,0,0,Ole_Miss,0,1,0,0,0,0,2025-03-28
193,TM,Team,0,0 - 0,0 - 0,0 - 0,3 - 3,6,0,0,1,0,0,0,Ole_Miss,0,0,0,0,0,0,2025-03-28
194,Totals,,200,30-50,4-9,12-16,7-31,38,18,15,19,6,3,76,Ole_Miss,30,50,4,9,12,16,2025-03-28
195,1,"Rice, Kiki",26,6 - 8,2 - 3,0 - 0,1 - 2,3,3,1,1,1,1,14,Minnesota,6,8,2,3,0,0,2025-02-02
196,3,"Jones, Londynn",23,5 - 10,3 - 6,0 - 0,0 - 1,1,0,1,1,0,2,13,Minnesota,5,10,3,6,0,0,2025-02-02
197,11,"Jaquez, Gabriela",17,3 - 5,1 - 2,2 - 2,0 - 0,0,1,0,1,0,0,9,Minnesota,3,5,1,2,2,2,2025-02-02
198,51,"Betts, Lauren",30,3 - 5,0 - 0,0 - 0,1 - 5,6,3,11,3,0,0,6,Minnesota,3,5,0,0,0,0,2025-02-02
199,32,"Dugalić, Angela",22,1 - 6,1 - 4,2 - 2,3 - 5,8,0,3,2,2,3,5,Minnesota,1,6,1,4,2,2,2025-02-02
200,7,"Aarnisalo, Elina",31,6 - 10,2 - 6,1 - 2,1 - 4,5,1,2,1,0,2,15,Minnesota,6,10,2,6,1,2,2025-02-02
201,30,"Gardiner, Timea",18,3 - 9,3 - 8,0 - 0,1 - 0,1,0,2,0,0,1,9,Minnesota,3,9,3,8,0,0,2025-02-02
202,00,"Barker, Janiah",14,1 - 5,0 - 1,1 - 2,3 - 0,3,2,2,2,2,0,3,Minnesota,1,5,0,1,1,2,2025-02-02
203,2,"Cain, Avary",2,1 - 1,1 - 1,0 - 0,0 - 1,1,0,0,0,0,0,3,Minnesota,1,1,1,1,0,0,2025-02-02
204,22,"Dudley, Kendall",15,1 - 2,0 - 1,0 - 0,1 - 2,3,1,2,1,0,0,2,Minnesota,1,2,0,1,0,0,2025-02-02
205,6,"Socka-nguemen, Zania",2,0 - 0,0 - 0,0 - 0,0 - 0,0,0,0,0,0,0,0,Minnesota,0,0,0,0,0,0,2025-02-02
206,TM,Team,0,0 - 0,0 - 0,0 - 0,1 - 4,5,0,0,1,0,0,0,Minnesota,0,0,0,0,0,0,2025-02-02
207,Totals,,200,30-61,13-32,6-8,12-24,36,11,24,13,5,9,79,Minnesota,30,61,13,32,6,8,2025-02-02
208,51,"Betts, Lauren",29,8 - 15,0 - 0,5 - 7,3 - 5,8,1,1,4,0,2,21,Nebraska1,8,15,0,0,5,7,2024-12-29
209,1,"Rice, Kiki",29,8 - 8,0 - 0,2 - 2,0 - 6,6,1,2,3,0,4,18,Nebraska1,8,8,0,0,2,2,2024-12-29
210,32,"Dugalić, Angela",22,4 - 7,1 - 4,0 - 0,0 - 7,7,3,4,0,2,4,9,Nebraska1,4,7,1,4,0,0,2024-12-29
211,11,"Jaquez, Gabriela",24,2 - 7,1 - 4,2 - 2,1 - 3,4,2,6,0,0,0,7,Nebraska1,2,7,1,4,2,2,2024-12-29
212,7,"Aarnisalo, Elina",11,1 - 1,0 - 0,0 - 0,0 - 1,1,3,2,8,0,0,2,Nebraska1,1,1,0,0,0,0,2024-12-29
213,30,"Gardiner, Timea",20,6 - 11,1 - 4,2 - 2,2 - 4,6,2,2,2,1,1,15,Nebraska1,6,11,1,4,2,2,2024-12-29
214,3,"Jones, Londynn",24,3 - 5,1 - 3,4 - 8,0 - 0,0,2,1,5,0,0,11,Nebraska1,3,5,1,3,4,8,2024-12-29
215,00,"Barker, Janiah",16,1 - 4,0 - 1,6 - 7,4 - 4,8,4,4,2,0,0,8,Nebraska1,1,4,0,1,6,7,2024-12-29
216,22,"Dudley, Kendall",12,0 - 0,0 - 0,0 - 0,0 - 0,0,2,0,1,1,0,0,Nebraska1,0,0,0,0,0,0,2024-12-29
217,6,"Socka-nguemen, Zania",7,0 - 0,0 - 0,0 - 0,1 - 2,3,1,0,0,1,1,0,Nebraska1,0,0,0,0,0,0,2024-12-29
218,2,"Cain, Avary",6,0 - 1,0 - 1,0 - 0,0 - 0,0,0,0,0,0,1,0,Nebraska1,0,1,0,1,0,0,2024-12-29
219,TM,Team,0,0 - 0,0 - 0,0 - 0,2 - 3,5,0,0,1,0,0,0,Nebraska1,0,0,0,0,0,0,2024-12-29
220,Totals,,200,33-59,4-17,21-28,13-35,48,21,22,26,5,13,91,Nebraska1,33,59,4,17,21,28,2024-12-29
221,51,"Betts, Lauren",36,11 - 15,0 - 0,6 - 7,8 - 5,13,2,5,0,7,3,28,Nebraska2,11,15,0,0,6,7,2025-03-07
222,11,"Jaquez, Gabriela",35,8 - 13,3 - 7,4 - 4,3 - 6,9,1,3,1,0,0,23,Nebraska2,8,13,3,7,4,4,2025-03-07
223,1,"Rice, Kiki",29,5 - 15,2 - 7,2 - 3,0 - 0,0,2,9,4,0,0,14,Nebraska2,5,15,2,7,2,3,2025-03-07
224,32,"Dugalić, Angela",20,2 - 8,0 - 4,1 - 1,0 - 3,3,1,1,2,0,2,5,Nebraska2,2,8,0,4,1,1,2025-03-07
225,3,"Jones, Londynn",22,0 - 6,0 - 6,0 - 0,0 - 0,0,1,2,1,1,0,0,Nebraska2,0,6,0,6,0,0,2025-03-07
226,30,"Gardiner, Timea",18,2 - 4,1 - 2,3 - 4,2 - 5,7,1,0,0,1,0,8,Nebraska2,2,4,1,2,3,4,2025-03-07
227,00,"Barker, Janiah",18,1 - 3,0 - 1,2 - 2,1 - 2,3,2,3,3,0,0,4,Nebraska2,1,3,0,1,2,2,2025-03-07
228,22,"Dudley, Kendall",10,1 - 1,0 - 0,0 - 0,0 - 0,0,4,0,0,0,2,2,Nebraska2,1,1,0,0,0,0,2025-03-07
229,7,"Aarnisalo, Elina",11,0 - 3,0 - 2,1 - 2,0 - 0,0,1,1,0,0,0,1,Nebraska2,0,3,0,2,1,2,2025-03-07
230,6,"Socka-nguemen, Zania",1,0 - 0,0 - 0,0 - 0,0 - 0,0,0,0,0,0,0,0,Nebraska2,0,0,0,0,0,0,2025-03-07
231,TM,Team,0,0 - 0,0 - 0,0 - 0,2 - 2,4,0,0,0,0,0,0,Nebraska2,0,0,0,0,0,0,2025-03-07
232,Totals,,200,30-68,6-29,19-23,16-23,39,15,24,11,9,7,85,Nebraska2,30,68,6,29,19,23,2025-03-07
233,1,"Rice, Kiki",36,3 - 13,0 - 3,10 - 11,2 - 2,4,3,6,2,1,0,16,Southern_California,3,13,0,3,10,11,2025-01-01
234,3,"Jones, Londynn",27,5 - 13,2 - 8,0 - 0,1 - 1,2,0,2,0,0,3,12,Southern_California,5,13,2,8,0,0,2025-01-01
235,51,"Betts, Lauren",32,5 - 11,0 - 0,1 - 4,6 - 5,11,1,1,5,2,0,11,Southern_California,5,11,0,0,1,4,2025-01-01
236,11,"Jaquez, Gabriela",34,3 - 8,0 - 1,1 - 2,2 - 4,6,3,4,1,0,0,7,Southern_California,3,8,0,1,1,2,2025-01-01
237,32,"Dugalić, Angela",21,2 - 6,2 - 4,0 - 0,0 - 2,2,1,1,3,0,2,6,Southern_California,2,6,2,4,0,0,2025-01-01
238,00,"Barker, Janiah",22,2 - 5,0 - 0,4 - 7,0 - 1,1,2,0,2,0,0,8,Southern_California,2,5,0,0,4,7,2025-01-01
239,30,"Gardiner, Timea",15,2 - 5,1 - 4,0 - 0,1 - 2,3,1,0,1,1,0,5,Southern_California,2,5,1,4,0,0,2025-01-01
240,7,"Aarnisalo, Elina",11,0 - 0,0 - 0,2 - 2,0 - 3,3,1,2,2,0,1,2,Southern_California,0,0,0,0,2,2,2025-01-01
241,22,"Dudley, Kendall",2,0 - 0,0 - 0,0 - 0,0 - 1,1,0,0,0,0,0,0,Southern_California,0,0,0,0,0,0,2025-01-01
242,TM,Team,0,0 - 0,0 - 0,0 - 0,6 - 3,9,0,0,0,0,0,0,Southern_California,0,0,0,0,0,0,2025-01-01
243,Totals,,200,22-61,5-20,18-26,18-24,42,12,16,16,4,6,67,Southern_California,22,61,5,20,18,26,2025-01-01
244,51,"Betts, Lauren",36,9 - 12,0 - 0,0 - 1,5 - 8,13,3,5,6,4,1,18,Louisville,9,12,0,0,0,1,2024-11-04
245,3,"Jones, Londynn",34,3 - 13,3 - 8,4 - 4,0 - 0,0,1,4,1,1,0,13,Louisville,3,13,3,8,4,4,2024-11-04
246,7,"Aarnisalo, Elina",29,4 - 8,0 - 1,0 - 0,0 - 2,2,1,4,6,0,1,8,Louisville,4,8,0,1,0,0,2024-11-04
247,11,"Jaquez, Gabriela",34,2 - 8,0 - 3,0 - 0,3 - 5,8,3,4,2,0,1,4,Louisville,2,8,0,3,0,0,2024-11-04
248,32,"Dugalić, Angela",15,0 - 1,0 - 1,0 - 0,0 - 3,3,0,2,2,1,1,0,Louisville,0,1,0,1,0,0,2024-11-04
249,30,"Gardiner, Timea",25,5 - 9,5 - 7,0 - 0,1 - 6,7,1,1,3,0,0,15,Louisville,5,9,5,7,0,0,2024-11-04
250,00,"Barker, Janiah",19,3 - 11,0 - 3,2 - 3,2 - 5,7,2,0,2,1,0,8,Louisville,3,11,0,3,2,3,2024-11-04
251,22,"Dudley, Kendall",8,0 - 1,0 - 0,0 - 0,2 - 0,2,0,0,0,0,0,0,Louisville,0,1,0,0,0,0,2024-11-04
252,2,"Cain, Avary",0,0 - 0,0 - 0,0 - 0,0 - 0,0,0,0,0,0,0,0,Louisville,0,0,0,0,0,0,2024-11-04
253,TM,Team,0,0 - 0,0 - 0,0 - 0,2 - 3,5,0,0,0,0,0,0,Louisville,0,0,0,0,0,0,2024-11-04
254,Totals,,200,26-63,8-23,6-8,15-32,47,11,20,22,7,4,66,Louisville,26,63,8,23,6,8,2024-11-04
255,51,"Betts, Lauren",23,7 - 9,0 - 0,3 - 3,7 - 5,12,2,4,2,1,1,17,Pepperdine,7,9,0,0,3,3,2024-11-12
256,7,"Aarnisalo, Elina",28,5 - 6,3 - 3,3 - 4,1 - 4,5,2,9,2,0,1,16,Pepperdine,5,6,3,3,3,4,2024-11-12
257,11,"Jaquez, Gabriela",29,7 - 11,1 - 3,0 - 0,5 - 3,8,2,3,1,0,1,15,Pepperdine,7,11,1,3,0,0,2024-11-12
258,30,"Gardiner, Timea",27,3 - 8,1 - 4,1 - 1,1 - 3,4,1,3,1,0,0,8,Pepperdine,3,8,1,4,1,1,2024-11-12
259,3,"Jones, Londynn",19,1 - 7,1 - 6,0 - 0,0 - 0,0,2,1,2,0,0,3,Pepperdine,1,7,1,6,0,0,2024-11-12
260,00,"Barker, Janiah",18,9 - 16,0 - 2,0 - 0,2 - 9,11,3,1,5,0,2,18,Pepperdine,9,16,0,2,0,0,2024-11-12
261,2,"Cain, Avary",19,3 - 6,2 - 5,0 - 2,0 - 2,2,3,0,0,1,0,8,Pepperdine,3,6,2,5,0,2,2024-11-12
262,6,"Socka-nguemen, Zania",14,2 - 3,0 - 0,2 - 2,3 - 1,4,4,0,0,1,0,6,Pepperdine,2,3,0,0,2,2,2024-11-12
263,22,"Dudley, Kendall",23,0 - 5,0 - 3,0 - 2,3 - 2,5,1,2,1,0,1,0,Pepperdine,0,5,0,3,0,2,2024-11-12
264,TM,Team,0,0 - 0,0 - 0,0 - 0,1 - 4,5,0,0,0,0,0,0,Pepperdine,0,0,0,0,0,0,2024-11-12
265,Totals,,200,37-71,8-26,9-14,23-33,56,20,23,14,3,6,91,Pepperdine,37,71,8,26,9,14,2024-11-12
266,51,"Betts, Lauren",34,12 - 16,0 - 0,1 - 4,5 - 7,12,1,3,1,2,1,25,Indiana,12,16,0,0,1,4,2025-01-04
267,1,"Rice, Kiki",37,3 - 13,1 - 3,5 - 8,3 - 4,7,2,7,3,1,2,12,Indiana,3,13,1,3,5,8,2025-01-04
268,11,"Jaquez, Gabriela",28,4 - 9,1 - 4,2 - 3,2 - 4,6,4,3,0,0,0,11,Indiana,4,9,1,4,2,3,2025-01-04
269,32,"Dugalić, Angela",18,2 - 5,1 - 2,1 - 1,0 - 0,0,5,1,1,0,3,6,Indiana,2,5,1,2,1,1,2025-01-04
270,30,"Gardiner, Timea",16,1 - 4,0 - 2,3 - 3,0 - 4,4,2,0,1,0,0,5,Indiana,1,4,0,2,3,3,2025-01-04
271,3,"Jones, Londynn",29,2 - 6,1 - 4,0 - 0,0 - 2,2,2,4,2,1,1,5,Indiana,2,6,1,4,0,0,2025-01-04
272,0,"Barker, Janiah",14,2 - 4,1 - 1,0 - 0,0 - 3,3,3,0,4,0,0,5,Indiana,2,4,1,1,0,0,2025-01-04
273,7,"Aarnisalo, Elina",17,2 - 5,0 - 2,0 - 0,0 - 2,2,3,1,1,0,0,4,Indiana,2,5,0,2,0,0,2025-01-04
274,22,"Dudley, Kendall",7,0 - 0,0 - 0,0 - 0,0 - 1,1,0,0,0,0,0,0,Indiana,0,0,0,0,0,0,2025-01-04
275,51,"Betts, Lauren",34,9 - 12,0 - 0,4 - 7,4 - 8,12,2,2,4,3,0,22,Iowa,9,12,0,0,4,7,2025-02-23
276,1,"Rice, Kiki",36,3 - 11,2 - 7,4 - 4,2 - 3,5,5,2,2,0,1,12,Iowa,3,11,2,7,4,4,2025-02-23
277,11,"Jaquez, Gabriela",32,3 - 8,1 - 4,2 - 2,3 - 6,9,2,2,1,0,1,9,Iowa,3,8,1,4,2,2,2025-02-23
278,32,"Dugalić, Angela",28,4 - 9,1 - 4,0 - 1,1 - 6,7,3,6,2,1,0,9,Iowa,4,9,1,4,0,1,2025-02-23
279,3,"Jones, Londynn",29,2 - 9,1 - 6,2 - 2,1 - 0,1,3,2,2,0,0,7,Iowa,2,9,1,6,2,2,2025-02-23
280,7,"Aarnisalo, Elina",13,2 - 5,0 - 3,2 - 3,0 - 0,0,0,1,0,0,0,6,Iowa,2,5,0,3,2,3,2025-02-23
281,22,"Dudley, Kendall",11,1 - 2,0 - 0,0 - 1,2 - 1,3,2,0,1,0,1,2,Iowa,1,2,0,0,0,1,2025-02-23
282,30,"Gardiner, Timea",10,0 - 1,0 - 1,0 - 0,0 - 3,3,1,0,0,0,0,0,Iowa,0,1,0,1,0,0,2025-02-23
283,0,"Barker, Janiah",7,0 - 0,0 - 0,0 - 0,0 - 1,1,3,0,2,0,1,0,Iowa,0,0,0,0,0,0,2025-02-23
284,51,"Betts, Lauren",24,11 - 12,0 - 0,4 - 4,3 - 7,10,1,1,0,1,1,26,Wisconsin,11,12,0,0,4,4,2025-02-26
285,3,"Jones, Londynn",22,5 - 10,3 - 8,0 - 0,0 - 2,2,2,2,1,0,1,13,Wisconsin,5,10,3,8,0,0,2025-02-26
286,1,"Rice, Kiki",22,3 - 8,1 - 2,2 - 2,0 - 3,3,1,3,2,1,2,9,Wisconsin,3,8,1,2,2,2,2025-02-26
287,11,"Jaquez, Gabriela",24,3 - 7,0 - 2,1 - 2,5 - 3,8,1,1,0,0,0,7,Wisconsin,3,7,0,2,1,2,2025-02-26
288,32,"Dugalić, Angela",24,2 - 6,2 - 4,0 - 0,0 - 2,2,3,4,0,0,0,6,Wisconsin,2,6,2,4,0,0,2025-02-26
289,30,"Gardiner, Timea",24,5 - 9,4 - 6,0 - 0,0 - 10,10,2,2,0,0,0,14,Wisconsin,5,9,4,6,0,0,2025-02-26
290,7,"Aarnisalo, Elina",27,4 - 8,0 - 2,0 - 0,0 - 1,1,0,6,2,0,1,8,Wisconsin,4,8,0,2,0,0,2025-02-26
291,6,"Socka-nguemen, Zania",7,4 - 5,0 - 0,0 - 0,0 - 1,1,2,0,1,1,0,8,Wisconsin,4,5,0,0,0,0,2025-02-26
292,22,"Dudley, Kendall",19,0 - 1,0 - 0,0 - 0,1 - 0,1,0,3,1,0,1,0,Wisconsin,0,1,0,0,0,0,2025-02-26
293,2,"Cain, Avary",7,0 - 1,0 - 1,0 - 0,1 - 0,1,0,1,1,0,1,0,Wisconsin,0,1,0,1,0,0,2025-02-26
294,51,"Betts, Lauren",34,14 - 15,0 - 0,5 - 6,4 - 3,7,1,4,4,4,1,33,Maryland,14,15,0,0,5,6,2025-01-26
295,1,"Rice, Kiki",36,5 - 10,0 - 2,9 - 10,1 - 5,6,0,7,2,1,3,19,Maryland,5,10,0,2,9,10,2025-01-26
296,11,"Jaquez, Gabriela",20,4 - 7,1 - 2,0 - 0,1 - 2,3,2,2,0,0,1,9,Maryland,4,7,1,2,0,0,2025-01-26
297,3,"Jones, Londynn",19,2 - 4,2 - 4,0 - 0,0 - 0,0,3,2,2,0,1,6,Maryland,2,4,2,4,0,0,2025-01-26
298,32,"Dugalić, Angela",25,1 - 5,1 - 3,0 - 0,2 - 2,4,2,5,1,2,1,3,Maryland,1,5,1,3,0,0,2025-01-26
299,30,"Gardiner, Timea",19,2 - 6,2 - 6,1 - 2,1 - 1,2,3,0,4,0,0,7,Maryland,2,6,2,6,1,2,2025-01-26
300,7,"Aarnisalo, Elina",17,1 - 2,1 - 2,0 - 0,0 - 0,0,0,1,1,0,0,3,Maryland,1,2,1,2,0,0,2025-01-26
301,22,"Dudley, Kendall",8,1 - 3,0 - 0,0 - 0,1 - 2,3,0,0,0,0,0,2,Maryland,1,3,0,0,0,0,2025-01-26
302,0,"Barker, Janiah",13,0 - 3,0 - 0,0 - 2,2 - 2,4,0,1,2,1,0,0,Maryland,0,3,0,0,0,2,2025-01-26
303,2,"Cain, Avary",6,0 - 0,0 - 0,0 - 0,0 - 0,0,0,0,0,0,0,0,Maryland,0,0,0,0,0,0,2025-01-26
304,6,"Socka-nguemen, Zania",3,0 - 0,0 - 0,0 - 0,0 - 0,0,4,0,1,0,0,0,Maryland,0,0,0,0,0,0,2025-01-26
305,51,"Betts, Lauren",22,5 - 8,0 - 0,7 - 9,2 - 5,7,2,1,1,1,1,17,Purdue,5,8,0,0,7,9,2025-01-07
306,1,"Rice, Kiki",17,5 - 7,1 - 2,0 - 0,1 - 3,4,0,2,0,0,1,11,Purdue,5,7,1,2,0,0,2025-01-07
307,3,"Jones, Londynn",25,3 - 7,3 - 5,0 - 0,0 - 1,1,4,2,1,0,0,9,Purdue,3,7,3,5,0,0,2025-01-07
308,32,"Dugalić, Angela",21,3 - 6,0 - 0,0 - 0,0 - 6,6,3,3,1,2,1,6,Purdue,3,6,0,0,0,0,2025-01-07
309,11,"Jaquez, Gabriela",20,2 - 5,1 - 3,0 - 0,1 - 4,5,1,1,0,0,1,5,Purdue,2,5,1,3,0,0,2025-01-07
310,30,"Gardiner, Timea",15,6 - 8,4 - 5,0 - 0,0 - 1,1,0,0,2,0,0,16,Purdue,6,8,4,5,0,0,2025-01-07
311,0,"Barker, Janiah",18,5 - 10,0 - 1,1 - 1,2 - 2,4,2,1,2,0,0,11,Purdue,5,10,0,1,1,1,2025-01-07
312,22,"Dudley, Kendall",15,3 - 3,0 - 0,0 - 0,1 - 2,3,0,1,0,0,0,6,Purdue,3,3,0,0,0,0,2025-01-07
313,7,"Aarnisalo, Elina",27,1 - 4,0 - 2,0 - 0,0 - 3,3,2,7,1,0,0,2,Purdue,1,4,0,2,0,0,2025-01-07
314,2,"Cain, Avary",11,0 - 2,0 - 2,0 - 0,0 - 0,0,0,2,0,0,0,0,Purdue,0,2,0,2,0,0,2025-01-07
315,6,"Socka-nguemen, Zania",9,0 - 2,0 - 0,0 - 0,2 - 1,3,2,0,2,0,0,0,Purdue,0,2,0,0,0,0,2025-01-07
316,51,"Betts, Lauren",29,12 - 16,0 - 0,1 - 2,7 - 6,13,2,2,1,5,0,25,Rutgers,12,16,0,0,1,2,2025-01-23
317,3,"Jones, Londynn",26,4 - 9,4 - 8,0 - 0,1 - 0,1,4,2,0,0,0,12,Rutgers,4,9,4,8,0,0,2025-01-23
318,32,"Dugalić, Angela",16,4 - 9,2 - 2,1 - 1,2 - 1,3,1,2,0,0,1,11,Rutgers,4,9,2,2,1,1,2025-01-23
319,1,"Rice, Kiki",22,2 - 8,2 - 4,4 - 4,0 - 3,3,2,10,1,0,0,10,Rutgers,2,8,2,4,4,4,2025-01-23
320,11,"Jaquez, Gabriela",25,4 - 8,1 - 4,0 - 0,3 - 2,5,0,2,1,1,1,9,Rutgers,4,8,1,4,0,0,2025-01-23
321,0,"Barker, Janiah",15,3 - 5,0 - 1,0 - 0,0 - 5,5,2,1,2,0,0,6,Rutgers,3,5,0,1,0,0,2025-01-23
322,22,"Dudley, Kendall",17,2 - 2,0 - 0,0 - 0,0 - 5,5,1,1,2,0,0,4,Rutgers,2,2,0,0,0,0,2025-01-23
323,6,"Socka-nguemen, Zania",4,0 - 1,0 - 0,3 - 6,2 - 2,4,0,0,0,0,0,3,Rutgers,0,1,0,0,3,6,2025-01-23
324,7,"Aarnisalo, Elina",22,0 - 4,0 - 3,2 - 2,1 - 0,1,1,4,3,0,0,2,Rutgers,0,4,0,3,2,2,2025-01-23
325,30,"Gardiner, Timea",16,1 - 6,0 - 5,0 - 0,1 - 3,4,1,0,1,1,0,2,Rutgers,1,6,0,5,0,0,2025-01-23
326,2,"Cain, Avary",8,0 - 2,0 - 2,0 - 0,0 - 0,0,2,1,0,0,0,0,Rutgers,0,2,0,2,0,0,2025-01-23
327,3,"Jones, Londynn",30,6 - 10,5 - 7,4 - 5,0 - 2,2,4,1,2,0,2,21,Oregon,6,10,5,7,4,5,2025-02-09
328,51,"Betts, Lauren",25,4 - 10,0 - 0,1 - 2,0 - 6,6,4,4,4,3,0,9,Oregon,4,10,0,0,1,2,2025-02-09
329,32,"Dugalić, Angela",26,3 - 6,0 - 0,1 - 1,3 - 5,8,2,2,3,2,1,7,Oregon,3,6,0,0,1,1,2025-02-09
330,11,"Jaquez, Gabriela",24,3 - 5,0 - 1,0 - 0,1 - 3,4,2,0,1,0,0,6,Oregon,3,5,0,1,0,0,2025-02-09
331,1,"Rice, Kiki",26,0 - 3,0 - 0,4 - 4,0 - 6,6,2,4,4,1,2,4,Oregon,0,3,0,0,4,4,2025-02-09
332,7,"Aarnisalo, Elina",22,2 - 6,1 - 3,0 - 0,0 - 1,1,0,5,0,0,2,5,Oregon,2,6,1,3,0,0,2025-02-09
333,22,"Dudley, Kendall",17,2 - 2,0 - 0,0 - 0,0 - 0,0,1,0,1,1,1,4,Oregon,2,2,0,0,0,0,2025-02-09
334,0,"Barker, Janiah",15,0 - 5,0 - 2,3 - 4,1 - 3,4,4,0,3,1,0,3,Oregon,0,5,0,2,3,4,2025-02-09
335,30,"Gardiner, Timea",15,1 - 4,1 - 4,0 - 0,1 - 5,6,2,1,0,1,0,3,Oregon,1,4,1,4,0,0,2025-02-09
336,51,"Betts, Lauren",32,10 - 16,0 - 0,3 - 5,2 - 1,3,2,0,3,2,1,23,Washington,10,16,0,0,3,5,2024-12-08
337,1,"Rice, Kiki",36,8 - 13,0 - 2,2 - 2,0 - 4,4,0,5,0,0,0,18,Washington,8,13,0,2,2,2,2024-12-08
338,11,"Jaquez, Gabriela",35,5 - 9,1 - 2,0 - 0,1 - 6,7,4,5,2,1,1,11,Washington,5,9,1,2,0,0,2024-12-08
339,30,"Gardiner, Timea",18,2 - 3,2 - 3,0 - 0,2 - 3,5,1,1,1,0,0,6,Washington,2,3,2,3,0,0,2024-12-08
340,3,"Jones, Londynn",19,1 - 5,1 - 2,0 - 0,0 - 1,1,2,2,1,0,1,3,Washington,1,5,1,2,0,0,2024-12-08
341,7,"Aarnisalo, Elina",24,2 - 4,0 - 1,0 - 0,0 - 1,1,0,1,3,0,0,4,Washington,2,4,0,1,0,0,2024-12-08
342,32,"Dugalić, Angela",19,2 - 5,0 - 2,0 - 0,0 - 3,3,1,1,0,1,1,4,Washington,2,5,0,2,0,0,2024-12-08
343,0,"Barker, Janiah",13,2 - 4,0 - 0,0 - 0,1 - 0,1,1,0,0,0,0,4,Washington,2,4,0,0,0,0,2024-12-08
344,22,"Dudley, Kendall",4,0 - 0,0 - 0,0 - 0,1 - 0,1,1,0,0,0,0,0,Washington,0,0,0,0,0,0,2024-12-08
345,51,"Betts, Lauren",32,10 - 17,0 - 0,4 - 9,4 - 5,9,4,2,5,9,0,24,Baylor,10,17,0,0,4,9,2025-01-20
346,1,"Rice, Kiki",28,5 - 7,2 - 3,3 - 4,1 - 3,4,2,3,2,0,2,15,Baylor,5,7,2,3,3,4,2025-01-20
347,11,"Jaquez, Gabriela",28,5 - 8,1 - 2,0 - 0,5 - 8,13,3,3,1,0,1,11,Baylor,5,8,1,2,0,0,2025-01-20
348,3,"Jones, Londynn",27,1 - 8,1 - 6,2 - 2,0 - 3,3,2,3,2,0,1,5,Baylor,1,8,1,6,2,2,2025-01-20
349,32,"Dugalić, Angela",13,0 - 3,0 - 3,1 - 2,1 - 1,2,4,1,3,0,2,1,Baylor,0,3,0,3,1,2,2025-01-20
350,0,"Barker, Janiah",23,4 - 6,0 - 0,2 - 2,1 - 7,8,2,2,1,0,0,10,Baylor,4,6,0,0,2,2,2025-01-20
351,30,"Gardiner, Timea",13,2 - 8,0 - 4,0 - 0,0 - 1,1,2,0,0,0,0,4,Baylor,2,8,0,4,0,0,2025-01-20
352,6,"Socka-nguemen, Zania",1,1 - 2,0 - 0,0 - 0,0 - 0,0,0,0,0,0,0,2,Baylor,1,2,0,0,0,0,2025-01-20
353,7,"Aarnisalo, Elina",19,0 - 1,0 - 0,0 - 0,1 - 3,4,3,2,4,0,1,0,Baylor,0,1,0,0,0,0,2025-01-20
354,22,"Dudley, Kendall",13,0 - 1,0 - 1,0 - 0,0 - 2,2,2,0,0,0,0,0,Baylor,0,1,0,1,0,0,2025-01-20
355,2,"Cain, Avary",3,0 - 0,0 - 0,0 - 0,0 - 0,0,1,0,0,0,0,0,Baylor,0,0,0,0,0,0,2025-01-20
356,51,"Betts, Lauren",37,5 - 13,0 - 0,8 - 9,2 - 11,13,2,2,4,1,0,18,USC1,5,13,0,0,8,9,2025-02-13
357,1,"Rice, Kiki",34,4 - 10,0 - 1,7 - 11,0 - 2,2,0,6,1,1,2,15,USC1,4,10,0,1,7,11,2025-02-13
358,3,"Jones, Londynn",34,3 - 10,1 - 4,0 - 0,1 - 2,3,3,2,2,0,0,7,USC1,3,10,1,4,0,0,2025-02-13
359,11,"Jaquez, Gabriela",23,2 - 8,0 - 2,0 - 0,4 - 0,4,2,0,2,0,0,4,USC1,2,8,0,2,0,0,2025-02-13
360,32,"Dugalić, Angela",22,1 - 5,1 - 3,0 - 0,1 - 6,7,2,0,4,2,1,3,USC1,1,5,1,3,0,0,2025-02-13
361,0,"Barker, Janiah",19,4 - 5,0 - 0,2 - 3,2 - 3,5,5,1,2,1,0,10,USC1,4,5,0,0,2,3,2025-02-13
362,22,"Dudley, Kendall",7,1 - 2,0 - 0,0 - 0,1 - 0,1,2,1,0,0,0,2,USC1,1,2,0,0,0,0,2025-02-13
363,30,"Gardiner, Timea",13,0 - 3,0 - 3,1 - 2,0 - 2,2,0,0,0,0,0,1,USC1,0,3,0,3,1,2,2025-02-13
364,7,"Aarnisalo, Elina",11,0 - 1,0 - 0,0 - 0,0 - 1,1,2,1,2,1,0,0,USC1,0,1,0,0,0,0,2025-02-13
365,51,"Betts, Lauren",38,7 - 10,0 - 0,3 - 3,1 - 4,5,1,2,2,4,4,17,USC2,7,10,0,0,3,3,2025-03-09
366,1,"Rice, Kiki",33,4 - 7,0 - 0,5 - 7,1 - 3,4,4,8,8,0,2,13,USC2,4,7,0,0,5,7,2025-03-09
367,3,"Jones, Londynn",29,3 - 6,3 - 4,4 - 4,0 - 0,0,4,3,6,0,1,13,USC2,3,6,3,4,4,4,2025-03-09
368,32,"Dugalić, Angela",18,2 - 2,2 - 2,2 - 2,0 - 1,1,2,0,3,0,1,8,USC2,2,2,2,2,2,2,2025-03-09
369,11,"Jaquez, Gabriela",25,2 - 4,0 - 1,0 - 0,0 - 2,2,4,2,1,0,1,4,USC2,2,4,0,1,0,0,2025-03-09
370,30,"Gardiner, Timea",25,3 - 8,3 - 8,0 - 0,0 - 2,2,1,0,1,0,0,9,USC2,3,8,3,8,0,0,2025-03-09
371,0,"Barker, Janiah",23,1 - 4,0 - 0,4 - 5,0 - 6,6,2,0,1,1,0,6,USC2,1,4,0,0,4,5,2025-03-09
372,22,"Dudley, Kendall",3,1 - 2,0 - 0,0 - 0,1 - 1,2,0,0,0,0,1,2,USC2,1,2,0,0,0,0,2025-03-09
373,7,"Aarnisalo, Elina",6,0 - 1,0 - 0,0 - 0,0 - 0,0,0,2,1,0,0,0,USC2,0,1,0,0,0,0,2025-03-09
374,32,"Dugalić, Angela",29,9 - 12,2 - 2,2 - 2,3 - 5,8,1,6,2,0,2,22,Long Beach State,9,12,2,2,2,2,2024-12-14
375,51,"Betts, Lauren",25,10 - 15,0 - 0,2 - 5,3 - 7,10,4,2,3,3,3,22,Long Beach State,10,15,0,0,2,5,2024-12-14
376,11,"Jaquez, Gabriela",19,7 - 11,1 - 3,2 - 2,4 - 3,7,0,1,3,0,0,17,Long Beach State,7,11,1,3,2,2,2024-12-14
377,1,"Rice, Kiki",21,5 - 10,0 - 4,2 - 3,1 - 1,2,1,3,0,0,1,12,Long Beach State,5,10,0,4,2,3,2024-12-14
378,3,"Jones, Londynn",28,1 - 9,1 - 8,0 - 0,0 - 2,2,2,9,5,0,3,3,Long Beach State,1,9,1,8,0,0,2024-12-14
379,0,"Barker, Janiah",26,9 - 10,1 - 1,0 - 0,6 - 4,10,1,3,3,0,1,19,Long Beach State,9,10,1,1,0,0,2024-12-14
380,7,"Aarnisalo, Elina",30,3 - 7,1 - 2,0 - 0,1 - 3,4,1,6,1,0,3,7,Long Beach State,3,7,1,2,0,0,2024-12-14
381,22,"Dudley, Kendall",22,0 - 5,0 - 2,0 - 0,1 - 1,2,2,0,2,0,1,0,Long Beach State,0,5,0,2,0,0,2024-12-14
382,1,"Rice, Kiki",30,7 - 10,2 - 4,5 - 5,0 - 2,2,4,1,1,1,2,21,Hawaii,7,10,2,4,5,5,2024-12-01
383,51,"Betts, Lauren",20,6 - 12,0 - 0,6 - 8,2 - 1,3,3,1,2,2,1,18,Hawaii,6,12,0,0,6,8,2024-12-01
384,11,"Jaquez, Gabriela",30,5 - 6,1 - 1,0 - 2,2 - 5,7,3,1,1,0,0,11,Hawaii,5,6,1,1,0,2,2024-12-01
385,32,"Dugalić, Angela",24,1 - 8,0 - 2,3 - 3,1 - 3,4,3,1,0,0,0,5,Hawaii,1,8,0,2,3,3,2024-12-01
386,3,"Jones, Londynn",23,0 - 6,0 - 3,2 - 2,1 - 1,2,1,1,0,0,0,2,Hawaii,0,6,0,3,2,2,2024-12-01
387,0,"Barker, Janiah",19,2 - 5,0 - 2,3 - 6,0 - 6,6,5,1,3,0,1,7,Hawaii,2,5,0,2,3,6,2024-12-01
388,7,"Aarnisalo, Elina",23,2 - 3,0 - 1,0 - 0,0 - 3,3,2,4,2,0,1,4,Hawaii,2,3,0,1,0,0,2024-12-01
389,30,"Gardiner, Timea",21,1 - 5,0 - 2,0 - 0,1 - 2,3,0,0,0,0,0,2,Hawaii,1,5,0,2,0,0,2024-12-01
390,22,"Dudley, Kendall",6,0 - 1,0 - 0,0 - 0,2 - 2,4,1,0,3,0,0,0,Hawaii,0,1,0,0,0,0,2024-12-01
391,2,"Cain, Avary",4,0 - 1,0 - 1,0 - 0,2 - 1,3,0,0,0,0,0,0,Hawaii,0,1,0,1,0,0,2024-12-01
392,51,"Betts, Lauren",24,7 - 15,0 - 0,4 - 5,6 - 6,12,2,2,3,1,1,18,UT Martin,7,15,0,0,4,5,2024-11-29
393,3,"Jones, Londynn",20,3 - 7,3 - 7,2 - 2,0 - 0,0,1,2,0,0,0,11,UT Martin,3,7,3,7,2,2,2024-11-29
394,1,"Rice, Kiki",21,2 - 3,1 - 1,1 - 2,1 - 1,2,0,4,1,0,1,6,UT Martin,2,3,1,1,1,2,2024-11-29
395,7,"Aarnisalo, Elina",25,2 - 5,1 - 2,0 - 0,0 - 4,4,2,5,1,0,2,5,UT Martin,2,5,1,2,0,0,2024-11-29
396,32,"Dugalić, Angela",20,1 - 5,1 - 3,0 - 0,0 - 6,6,2,3,3,0,4,3,UT Martin,1,5,1,3,0,0,2024-11-29
397,11,"Jaquez, Gabriela",16,8 - 9,1 - 2,0 - 0,2 - 2,4,0,2,0,0,0,17,UT Martin,8,9,1,2,0,0,2024-11-29
398,30,"Gardiner, Timea",16,3 - 5,2 - 3,3 - 3,0 - 2,2,2,0,1,0,2,11,UT Martin,3,5,2,3,3,3,2024-11-29
399,0,"Barker, Janiah",19,3 - 6,1 - 2,3 - 7,1 - 6,7,3,5,2,0,1,10,UT Martin,3,6,1,2,3,7,2024-11-29
400,22,"Dudley, Kendall",21,4 - 5,0 - 0,0 - 0,1 - 4,5,0,2,1,2,2,8,UT Martin,4,5,0,0,0,0,2024-11-29
401,2,"Cain, Avary",18,3 - 9,2 - 8,0 - 0,0 - 1,1,0,1,1,1,1,8,UT Martin,3,9,2,8,0,0,2024-11-29
